peptide,HLA,label
IMEEVWYFL,HLA-A02:01,1
IVFPIIVIVV,HLA-A02:01,1
YLDEPFWAQ,HLA-A02:01,0
HLDAWTIYS,HLA-A02:01,0
YIRFFITYV,HLA-A02:01,1
EMDDFEIVV,HLA-A02:01,1
QLAVFFFLL,HLA-A02:01,0
IQLAVFFFL,HLA-A02:01,1
LEMDDFEIVV,HLA-A02:01,1
IIFFFLNRV,HLA-A02:01,0
KEMTDITIKA,HLA-A02:01,0
KIEGGIHTA,HLA-A02:01,0
DIVGFFFSV,HLA-A02:01,0
SLHLDAWTI,HLA-A02:01,1
GNLPDIEVRL,HLA-A02:01,0
GRVIENLAEA,HLA-A02:01,0
TVMFIGVNL,HLA-A02:01,0
MMVNFVVEC,HLA-A02:01,1
NIYPNIIAM,HLA-A02:01,0
VMFIGVNLT,HLA-A02:01,0
YILVDIDDTF,HLA-A02:01,0
ILVDIDDTF,HLA-A02:01,0
HLEQEEAFL,HLA-A02:01,0
TLCVADFGL,HLA-A02:01,0
FLEEIILKSL,HLA-A02:01,0
ILPDFLPII,HLA-A02:01,1
LLLERGYDV,HLA-A02:01,0
KVEEALVLL,HLA-A02:01,0
TLAELVRYYM,HLA-A02:01,1
EMTDITIKA,HLA-A02:01,0
TVMTITVYA,HLA-A02:01,0
GLRVVAIQV,HLA-A02:01,0
YITAAYVEV,HLA-A02:01,1
GMVLAEDGV,HLA-A02:01,0
WLSEDEIML,HLA-A02:01,0
LLPAHYETL,HLA-A02:01,0
TAMGNELIQV,HLA-A02:01,1
HQFNLAETL,HLA-A02:01,0
RLLLERGYDV,HLA-A02:01,0
GTIGLFLPL,HLA-A02:01,1
QWLSEDEIML,HLA-A02:01,0
TIWVDLLRA,HLA-A02:01,0
ALGALLILQL,HLA-A02:01,0
LAMAFDHYV,HLA-A02:01,1
VLHFPLVNC,HLA-A02:01,0
LLLPAHYETL,HLA-A02:01,0
REMIPAVLPL,HLA-A02:01,0
LLAPFSEEGL,HLA-A02:01,0
ALSTVRVGA,HLA-A02:01,0
SQIFFSLHL,HLA-A02:01,0
ALAGGLYEY,HLA-A02:01,0
ALQEEQNIL,HLA-A02:01,0
VLLYCIAAL,HLA-A02:01,0
AMGNELIQVL,HLA-A02:01,0
LLLPAHYET,HLA-A02:01,0
LLQDGRTLI,HLA-A02:01,0
FFLGITNML,HLA-A02:01,1
VLLAPPATGM,HLA-A02:01,0
RLQPDRVAM,HLA-A02:01,0
FVMRNHDVVL,HLA-A02:01,0
FVMRNHDVV,HLA-A02:01,0
KMVRLDLLM,HLA-A02:01,1
GLALGTPLSI,HLA-A02:01,0
KLDYLEEKA,HLA-A02:01,0
KLPDLWCKI,HLA-A02:01,1
AVVGPLPTM,HLA-A02:01,0
LLAMAFDHYV,HLA-A02:01,0
VLAADIQQC,HLA-A02:01,0
AVEDELLQAV,HLA-A02:01,0
YLDATFSPCL,HLA-A02:01,0
AAIESFVSV,HLA-A02:01,0
LLGFSHLANL,HLA-A02:01,0
FLLICGLQQV,HLA-A02:01,1
VLLQDGRTL,HLA-A02:01,0
RLSEDYGML,HLA-A02:01,0
TIMNTQLWV,HLA-A02:01,1
FLNILYPKT,HLA-A02:01,0
KLSDVEMAT,HLA-A02:01,0
IIPPMFGTV,HLA-A02:01,0
VVVYGMEYL,HLA-A02:01,0
TMLISILKL,HLA-A02:01,0
RLWPSSWVS,HLA-A02:01,0
IMLQQFTVKL,HLA-A02:01,0
ELDETSQEL,HLA-A02:01,0
GMLKTDEGI,HLA-A02:01,0
CLSPPPTLL,HLA-A02:01,1
YLRLQPDRV,HLA-A02:01,1
IVVEFSSPV,HLA-A02:01,0
NLAEAQSAA,HLA-A02:01,0
LLALMTVAM,HLA-A02:01,0
ALQQLTTHM,HLA-A02:01,0
TLTSWSLAA,HLA-A02:01,0
ALFCHQYDI,HLA-A02:01,0
NLAEAQSAAL,HLA-A02:01,0
LVSDVSVDSV,HLA-A02:01,0
MLQQFTVKL,HLA-A02:01,0
FLTGISQNYA,HLA-A02:01,0
GLSSVALAFL,HLA-A02:01,0
GLSSVALAF,HLA-A02:01,0
LFLLYGLSSV,HLA-A02:01,1
RLDLLMRYL,HLA-A02:01,0
AVAQDYAQGV,HLA-A02:01,0
LMAPLSPGA,HLA-A02:01,1
FKLSDVEMAT,HLA-A02:01,0
FLRESQNPL,HLA-A02:01,0
FCLSPPPTLL,HLA-A02:01,0
GLAVNLSQI,HLA-A02:01,0
LLMRYLKAI,HLA-A02:01,1
KLVSLRTSL,HLA-A02:01,0
QVFDFKLSDV,HLA-A02:01,0
LLLGDMDQGI,HLA-A02:01,0
QLMAPLSPGA,HLA-A02:01,0
YLSAIMPSQL,HLA-A02:01,0
KVDHKGPQI,HLA-A02:01,0
KTLSHLQTL,HLA-A02:01,0
ILFSAAKHSV,HLA-A02:01,0
MLDSRSTNRV,HLA-A02:01,0
YLLTGQQKT,HLA-A02:01,0
ILFQCMPVPV,HLA-A02:01,1
RLLLHSSNL,HLA-A02:01,0
ALKSDFKLV,HLA-A02:01,0
LLLHSSNLI,HLA-A02:01,0
VLSSVNSNLL,HLA-A02:01,0
